name,subtitle,address,work_time,count_reviews,avg_review_score
Juri Betcher,Kleintierpraxis,"Steinkühlerweg 84, 44263 Dortmund","[{'day': 'Mon', 'from': '09:00', 'to': '12:00'}, {'day': 'Mon', 'from': '15:00', 'to': '19:00'}, {'day': 'Tue', 'from': '09:00', 'to': '12:00'}, {'day': 'Tue', 'from': '15:00', 'to': '19:00'}, {'day': 'Wed', 'from': '09:00', 'to': '12:00'}, {'day': 'Thu', 'from': '09:00', 'to': '12:00'}, {'day': 'Thu', 'from': '15:00', 'to': '19:00'}, {'day': 'Fri', 'from': '09:00', 'to': '12:00'}, {'day': 'Fri', 'from': '15:00', 'to': '18:00'}]",16,5
 Efrat Bahat-Treidel,Tierarztpraxis Treidel ,"Hugo Cassirer Str.38 / Sigmund - Bergmann Str. 10, 13587 Berlin","[{'day': 'Mon', 'from': '09:30', 'to': '13:00'}, {'day': 'Tue', 'from': '15:00', 'to': '19:00'}, {'day': 'Wed', 'from': '09:30', 'to': '13:00'}, {'day': 'Thu', 'from': '15:00', 'to': '19:00'}, {'day': 'Fri', 'from': '09:30', 'to': '13:00'}]",15,5
Laura Broschek und Sven Stahlhut,Tierarztpraxis Am Westend,"Sophie-Charlotten-Str. 22, 14059 Berlin","[{'day': 'Mon', 'from': '10:00', 'to': '13:00'}, {'day': 'Mon', 'from': '17:00', 'to': '19:00'}, {'day': 'Tue', 'from': '10:00', 'to': '13:00'}, {'day': 'Tue', 'from': '17:00', 'to': '19:00'}, {'day': 'Wed', 'from': '10:00', 'to': '13:00'}, {'day': 'Thu', 'from': '10:00', 'to': '13:00'}, {'day': 'Thu', 'from': '17:00', 'to': '19:00'}, {'day': 'Fri', 'from': '10:00', 'to': '13:00'}, {'day': 'Fri', 'from': '17:00', 'to': '19:00'}, {'day': 'Sat', 'from': '10:00', 'to': '13:00'}]",14,5
Dr. Michael Foerster,,"Birkenstr. 58, 10559 Berlin","[{'day': 'Mon', 'from': '10:00', 'to': '12:00'}, {'day': 'Mon', 'from': '17:00', 'to': '19:00'}, {'day': 'Tue', 'from': '10:00', 'to': '12:00'}, {'day': 'Tue', 'from': '17:00', 'to': '19:00'}, {'day': 'Wed', 'from': '17:00', 'to': '19:00'}, {'day': 'Thu', 'from': '10:00', 'to': '12:00'}, {'day': 'Thu', 'from': '17:00', 'to': '19:00'}, {'day': 'Fri', 'from': '10:00', 'to': '12:00'}, {'day': 'Fri', 'from': '17:00', 'to': '19:00'}, {'day': 'Sat', 'from': '10:00', 'to': '12:00'}]",14,5
Jürgen Pötter und Eva Kirsch,,"Kopernikusstr. 4a, 30167 Hannover","[{'day': 'Mon', 'from': '10:00', 'to': '12:00'}, {'day': 'Mon', 'from': '16:00', 'to': '19:00'}, {'day': 'Tue', 'from': '10:00', 'to': '12:00'}, {'day': 'Tue', 'from': '16:00', 'to': '19:00'}, {'day': 'Wed', 'from': '10:00', 'to': '12:00'}, {'day': 'Wed', 'from': '16:00', 'to': '19:00'}, {'day': 'Thu', 'from': '10:00', 'to': '12:00'}, {'day': 'Thu', 'from': '16:00', 'to': '19:00'}, {'day': 'Fri', 'from': '10:00', 'to': '12:00'}, {'day': 'Fri', 'from': '16:00', 'to': '19:00'}, {'day': 'Sat', 'from': '10:00', 'to': '12:00'}]",12,5
Dr. med. vet. Maria Steigmann,VetZentrum Praxis für Kleintiere,"Wentorfer Str. 101, 21029 Hamburg","[{'day': 'Mon', 'from': '09:00', 'to': '13:00'}, {'day': 'Mon', 'from': '15:00', 'to': '20:00'}, {'day': 'Tue', 'from': '09:00', 'to': '13:00'}, {'day': 'Tue', 'from': '15:00', 'to': '20:00'}, {'day': 'Wed', 'from': '09:00', 'to': '13:00'}, {'day': 'Wed', 'from': '15:00', 'to': '20:00'}, {'day': 'Thu', 'from': '09:00', 'to': '13:00'}, {'day': 'Thu', 'from': '15:00', 'to': '20:00'}, {'day': 'Fri', 'from': '09:00', 'to': '13:00'}, {'day': 'Fri', 'from': '15:00', 'to': '20:00'}, {'day': 'Sat', 'from': '10:00', 'to': '12:00'}]",12,5
Ragna Windisch,,"Berner Heerweg 110, 22159 Hamburg","[{'day': 'Mon', 'from': '09:00', 'to': '15:00'}, {'day': 'Mon', 'from': '09:00', 'to': '13:00'}, {'day': 'Tue', 'from': '09:00', 'to': '15:00'}, {'day': 'Wed', 'from': '09:00', 'to': '15:00'}, {'day': 'Thu', 'from': '09:00', 'to': '15:00'}, {'day': 'Fri', 'from': '09:00', 'to': '15:00'}]",12,5
Dr. Stephan Hesselmann,,"Kurfürstenstr. 134, 46147 Oberhausen","[{'day': 'Mon', 'from': '09:00', 'to': '12:00'}, {'day': 'Mon', 'from': '15:00', 'to': '19:00'}, {'day': 'Tue', 'from': '09:00', 'to': '12:00'}, {'day': 'Tue', 'from': '15:00', 'to': '19:00'}, {'day': 'Wed', 'from': '09:00', 'to': '12:00'}, {'day': 'Wed', 'from': '15:00', 'to': '19:00'}, {'day': 'Thu', 'from': '09:00', 'to': '12:00'}, {'day': 'Thu', 'from': '15:00', 'to': '19:00'}, {'day': 'Fri', 'from': '09:00', 'to': '12:00'}]",11,5
Hans-Jürgen Raqué,Tierarztpraxis,"Walter-Markov-Ring 5, 04288 Leipzig","[{'day': 'Mon', 'from': '09:00', 'to': '12:00'}, {'day': 'Mon', 'from': '15:00', 'to': '18:00'}, {'day': 'Tue', 'from': '09:00', 'to': '12:00'}, {'day': 'Tue', 'from': '15:00', 'to': '18:00'}, {'day': 'Wed', 'from': '15:00', 'to': '20:00'}, {'day': 'Thu', 'from': '09:00', 'to': '12:00'}, {'day': 'Thu', 'from': '15:00', 'to': '18:00'}, {'day': 'Fri', 'from': '09:00', 'to': '12:00'}, {'day': 'Fri', 'from': '15:00', 'to': '18:00'}, {'day': 'Sat', 'from': '09:00', 'to': '12:00'}]",11,5
Dr. Heike Janosch,,"Gottfried-Keller-Straße 4, 01157 Dresden","[{'day': 'Mon', 'from': '10:00', 'to': '11:00'}, {'day': 'Mon', 'from': '16:00', 'to': '18:00'}, {'day': 'Tue', 'from': '10:00', 'to': '11:00'}, {'day': 'Tue', 'from': '16:00', 'to': '18:00'}, {'day': 'Wed', 'from': '10:00', 'to': '11:00'}, {'day': 'Thu', 'from': '10:00', 'to': '11:00'}, {'day': 'Thu', 'from': '16:00', 'to': '18:00'}, {'day': 'Fri', 'from': '10:00', 'to': '11:00'}, {'day': 'Fri', 'from': '15:00', 'to': '16:00'}]",11,5
Rafael Melner-Biniszkiewicz,,"Weberstraße 21, 45879 Gelsenkirchen","[{'day': 'Mon', 'from': '11:00', 'to': '12:00'}, {'day': 'Mon', 'from': '16:00', 'to': '19:00'}, {'day': 'Tue', 'from': '16:00', 'to': '19:00'}, {'day': 'Wed', 'from': '11:00', 'to': '12:00'}, {'day': 'Wed', 'from': '16:00', 'to': '19:00'}, {'day': 'Thu', 'from': '11:00', 'to': '12:00'}, {'day': 'Thu', 'from': '16:00', 'to': '19:00'}, {'day': 'Fri', 'from': '09:00', 'to': '11:00'}]",11,5
Dr. Tido Winkler und Barbara Richter,,"Fritz-Meyer-Scharffenberg-Weg 12a, 18109 Rostock","[{'day': 'Mon', 'from': '09:00', 'to': '11:00'}, {'day': 'Mon', 'from': '15:00', 'to': '18:00'}, {'day': 'Tue', 'from': '09:00', 'to': '11:00'}, {'day': 'Tue', 'from': '17:00', 'to': '18:00'}, {'day': 'Wed', 'from': '09:00', 'to': '11:00'}, {'day': 'Wed', 'from': '15:00', 'to': '18:00'}, {'day': 'Thu', 'from': '09:00', 'to': '11:00'}, {'day': 'Thu', 'from': '17:00', 'to': '18:00'}, {'day': 'Fri', 'from': '09:00', 'to': '11:00'}, {'day': 'Fri', 'from': '15:00', 'to': '18:00'}, {'day': 'Sat', 'from': '10:00', 'to': '12:00'}]",11,5
Tim Glabasnia und Dr. Karin Glabasnia,,"Seehofstr. 45, 96052 Bamberg","[{'day': 'Mon', 'from': '10:00', 'to': '12:00'}, {'day': 'Mon', 'from': '16:00', 'to': '18:30'}, {'day': 'Tue', 'from': '10:00', 'to': '12:00'}, {'day': 'Wed', 'from': '10:00', 'to': '12:00'}, {'day': 'Wed', 'from': '16:00', 'to': '18:30'}, {'day': 'Thu', 'from': '10:00', 'to': '12:00'}, {'day': 'Thu', 'from': '16:00', 'to': '18:30'}, {'day': 'Fri', 'from': '10:00', 'to': '12:00'}]",10,5
Dr. Stefan Hauck,,"Bedburger Weide 13, 47551 Bedburg-Hau","[{'day': 'Mon', 'from': '09:00', 'to': '12:00'}, {'day': 'Mon', 'from': '16:00', 'to': '19:00'}, {'day': 'Tue', 'from': '09:00', 'to': '12:00'}, {'day': 'Tue', 'from': '16:00', 'to': '19:00'}, {'day': 'Wed', 'from': '09:00', 'to': '12:00'}, {'day': 'Thu', 'from': '09:00', 'to': '12:00'}, {'day': 'Thu', 'from': '16:00', 'to': '19:00'}, {'day': 'Fri', 'from': '09:00', 'to': '12:00'}, {'day': 'Fri', 'from': '16:00', 'to': '19:00'}, {'day': 'Sat', 'from': '10:00', 'to': '12:00'}]",10,5
Dr. Siegfried Graf,,"Kardinal-Wendel-Str. 13, 81929 München","[{'day': 'Mon', 'from': '09:00', 'to': '12:00'}, {'day': 'Mon', 'from': '16:00', 'to': '19:00'}, {'day': 'Tue', 'from': '09:00', 'to': '12:00'}, {'day': 'Tue', 'from': '16:00', 'to': '19:00'}, {'day': 'Wed', 'from': '09:00', 'to': '12:00'}, {'day': 'Wed', 'from': '16:00', 'to': '18:00'}, {'day': 'Thu', 'from': '09:00', 'to': '12:00'}, {'day': 'Thu', 'from': '16:00', 'to': '19:00'}, {'day': 'Fri', 'from': '09:00', 'to': '12:00'}, {'day': 'Fri', 'from': '16:00', 'to': '19:00'}]",10,5
"Dr. Claudia Kreutzjans, Dr. Natalie Thurek, Dr. Nadja Wilhelmi",Tierärztliche Praxis für Kleintiere,"Erinstr. 27, 44575 Castrop-Rauxel",[],10,5
Dr. Annemarie Leps,,"Mengeder Str. 17, 46731 Waltrop","[{'day': 'Mon', 'from': '08:30', 'to': '12:30'}, {'day': 'Mon', 'from': '13:30', 'to': '18:30'}, {'day': 'Tue', 'from': '08:30', 'to': '12:30'}, {'day': 'Tue', 'from': '13:30', 'to': '18:30'}, {'day': 'Wed', 'from': '08:30', 'to': '12:30'}, {'day': 'Wed', 'from': '13:30', 'to': '18:30'}, {'day': 'Thu', 'from': '08:30', 'to': '12:30'}, {'day': 'Thu', 'from': '13:30', 'to': '18:30'}, {'day': 'Fri', 'from': '08:30', 'to': '12:30'}]",10,5
Maceij E. Wilk,,"Hägerweg 12, 33613 Bielefeld","[{'day': 'Mon', 'from': '09:00', 'to': '13:00'}, {'day': 'Mon', 'from': '16:00', 'to': '20:00'}, {'day': 'Tue', 'from': '09:00', 'to': '13:00'}, {'day': 'Tue', 'from': '16:00', 'to': '20:00'}, {'day': 'Wed', 'from': '09:00', 'to': '13:00'}, {'day': 'Wed', 'from': '16:00', 'to': '20:00'}, {'day': 'Thu', 'from': '09:00', 'to': '13:00'}, {'day': 'Thu', 'from': '16:00', 'to': '20:00'}, {'day': 'Fri', 'from': '09:00', 'to': '13:00'}, {'day': 'Fri', 'from': '16:00', 'to': '20:00'}, {'day': 'Sat', 'from': '09:00', 'to': '13:00'}]",10,5
TÄ Juliane Kaftan und Anne Klötzer,,"Loschwitzer Str. 3, 01309 Dresden","[{'day': 'Mon', 'from': '10:00', 'to': '12:00'}, {'day': 'Mon', 'from': '16:00', 'to': '19:00'}, {'day': 'Tue', 'from': '10:00', 'to': '12:00'}, {'day': 'Tue', 'from': '16:00', 'to': '19:00'}, {'day': 'Wed', 'from': '10:00', 'to': '12:00'}, {'day': 'Wed', 'from': '16:00', 'to': '20:00'}, {'day': 'Thu', 'from': '10:00', 'to': '12:00'}, {'day': 'Thu', 'from': '16:00', 'to': '19:00'}, {'day': 'Fri', 'from': '10:00', 'to': '12:00'}, {'day': 'Fri', 'from': '16:00', 'to': '20:00'}, {'day': 'Sat', 'from': '10:00', 'to': '13:00'}]",10,5
Dr. Cornelia Maul und Sabine Herget,,"Schwarzstr. 3 (Eingang Lilienstr. am deutschen Museum), 81669 München","[{'day': 'Mon', 'from': '10:00', 'to': '12:00'}, {'day': 'Mon', 'from': '16:00', 'to': '19:00'}, {'day': 'Tue', 'from': '10:00', 'to': '12:00'}, {'day': 'Tue', 'from': '16:00', 'to': '19:00'}, {'day': 'Wed', 'from': '10:00', 'to': '12:00'}, {'day': 'Wed', 'from': '16:00', 'to': '19:00'}, {'day': 'Thu', 'from': '10:00', 'to': '12:00'}, {'day': 'Thu', 'from': '16:00', 'to': '19:00'}, {'day': 'Fri', 'from': '10:00', 'to': '12:00'}, {'day': 'Fri', 'from': '16:00', 'to': '19:00'}, {'day': 'Sat', 'from': '10:00', 'to': '12:00'}]",10,5
Oliviero Lombardi,,"Britzer Damm 13, 12347 Berlin","[{'day': 'Mon', 'from': '10:00', 'to': '12:00'}, {'day': 'Mon', 'from': '16:00', 'to': '19:00'}, {'day': 'Tue', 'from': '10:00', 'to': '12:00'}, {'day': 'Tue', 'from': '16:00', 'to': '18:00'}, {'day': 'Wed', 'from': '10:00', 'to': '12:00'}, {'day': 'Thu', 'from': '10:00', 'to': '12:00'}, {'day': 'Thu', 'from': '16:00', 'to': '19:00'}, {'day': 'Fri', 'from': '10:00', 'to': '12:00'}, {'day': 'Fri', 'from': '16:00', 'to': '18:00'}, {'day': 'Sat', 'from': '10:00', 'to': '12:00'}]",10,5
Jens Cramer,Tierarztpraxis Cramer,"Osterfeuerberg 1, 27777 Ganderkesee","[{'day': 'Mon', 'from': '09:00', 'to': '10:00'}, {'day': 'Mon', 'from': '15:00', 'to': '18:30'}, {'day': 'Tue', 'from': '09:00', 'to': '10:00'}, {'day': 'Wed', 'from': '09:00', 'to': '10:00'}, {'day': 'Wed', 'from': '15:00', 'to': '18:30'}, {'day': 'Thu', 'from': '09:00', 'to': '10:00'}, {'day': 'Thu', 'from': '15:00', 'to': '18:30'}]",10,5
Dr. Frank Düsterhöft und Dr. Tanja Gerlach,,"Kurt-Schumacher Allee 46, 30851 Langenhagen","[{'day': 'Mon', 'from': '09:00', 'to': '12:00'}, {'day': 'Mon', 'from': '16:00', 'to': '19:00'}, {'day': 'Tue', 'from': '09:00', 'to': '12:00'}, {'day': 'Tue', 'from': '16:00', 'to': '19:00'}, {'day': 'Wed', 'from': '09:00', 'to': '12:00'}, {'day': 'Wed', 'from': '16:00', 'to': '19:00'}, {'day': 'Thu', 'from': '09:00', 'to': '12:00'}, {'day': 'Thu', 'from': '16:00', 'to': '19:00'}, {'day': 'Fri', 'from': '09:00', 'to': '12:00'}]",10,5
Max-Ulrich Röcker,TierGesundheitsZentrum Jena-West,"Erfurter Str. 50, 07743 Jena","[{'day': 'Mon', 'from': '10:00', 'to': '12:00'}, {'day': 'Mon', 'from': '16:00', 'to': '18:00'}, {'day': 'Tue', 'from': '10:00', 'to': '12:00'}, {'day': 'Tue', 'from': '16:00', 'to': '18:00'}, {'day': 'Wed', 'from': '10:00', 'to': '12:00'}, {'day': 'Wed', 'from': '16:00', 'to': '18:00'}, {'day': 'Thu', 'from': '10:00', 'to': '12:00'}, {'day': 'Thu', 'from': '16:00', 'to': '18:00'}, {'day': 'Fri', 'from': '10:00', 'to': '12:00'}, {'day': 'Fri', 'from': '16:00', 'to': '18:00'}, {'day': 'Sat', 'from': '10:00', 'to': '12:00'}]",9,5
Dr. Thomas Göbel,,"Mecklenburgische Str. 27, 14197 Berlin","[{'day': 'Mon', 'from': '09:00', 'to': '12:00'}, {'day': 'Mon', 'from': '16:00', 'to': '19:00'}, {'day': 'Tue', 'from': '09:00', 'to': '12:00'}, {'day': 'Tue', 'from': '16:00', 'to': '19:00'}, {'day': 'Wed', 'from': '09:00', 'to': '12:00'}, {'day': 'Wed', 'from': '16:00', 'to': '19:00'}, {'day': 'Thu', 'from': '09:00', 'to': '12:00'}, {'day': 'Thu', 'from': '16:00', 'to': '19:00'}, {'day': 'Fri', 'from': '09:00', 'to': '12:00'}, {'day': 'Fri', 'from': '16:00', 'to': '19:00'}, {'day': 'Sat', 'from': '10:00', 'to': '13:00'}, {'day': 'Sun', 'from': '11:00', 'to': '12:00'}]",9,5
Dr. Utz Willich,,"Gewerbestr. 24, 58285 Gevelsberg","[{'day': 'Mon', 'from': '08:00', 'to': '18:00'}, {'day': 'Tue', 'from': '08:00', 'to': '18:00'}, {'day': 'Wed', 'from': '08:00', 'to': '18:00'}, {'day': 'Thu', 'from': '08:00', 'to': '18:00'}, {'day': 'Fri', 'from': '08:00', 'to': '13:00'}, {'day': 'Sat', 'from': '11:00', 'to': '13:00'}]",9,5
Dr. Julian Schlömer,,"Südstraße 85 (Ecke Wattenscheider Hellweg) , 44867 Bochum","[{'day': 'Mon', 'from': '16:00', 'to': '19:00'}, {'day': 'Tue', 'from': '16:00', 'to': '19:00'}, {'day': 'Wed', 'from': '16:00', 'to': '19:00'}, {'day': 'Thu', 'from': '16:00', 'to': '19:00'}]",9,5
Uwe Lenk,Tierarztpraxis,"Schönfließer Straße 1, 10439 Berlin","[{'day': 'Mon', 'from': '08:00', 'to': '20:00'}, {'day': 'Tue', 'from': '08:00', 'to': '20:00'}, {'day': 'Wed', 'from': '08:00', 'to': '20:00'}, {'day': 'Thu', 'from': '08:00', 'to': '20:00'}, {'day': 'Fri', 'from': '08:00', 'to': '20:00'}, {'day': 'Sat', 'from': '09:00', 'to': '18:00'}, {'day': 'Sun', 'from': '10:00', 'to': '18:00'}]",9,5
Dr. Claudia Watzel,,"Mont-Cenis-Str. 43, 44623 Herne","[{'day': 'Mon', 'from': '10:00', 'to': '12:00'}, {'day': 'Mon', 'from': '15:00', 'to': '19:00'}, {'day': 'Tue', 'from': '10:00', 'to': '12:00'}, {'day': 'Tue', 'from': '15:00', 'to': '18:00'}, {'day': 'Wed', 'from': '10:00', 'to': '12:00'}, {'day': 'Thu', 'from': '10:00', 'to': '12:00'}, {'day': 'Thu', 'from': '15:00', 'to': '19:00'}, {'day': 'Fri', 'from': '10:00', 'to': '12:00'}, {'day': 'Fri', 'from': '15:00', 'to': '18:00'}, {'day': 'Sat', 'from': '09:00', 'to': '11:00'}]",9,5
Cornelia Seithe,,"Uckermarkstr. 14, 12621 Berlin","[{'day': 'Mon', 'from': '09:00', 'to': '11:00'}, {'day': 'Mon', 'from': '12:00', 'to': '15:00'}, {'day': 'Tue', 'from': '09:00', 'to': '11:00'}, {'day': 'Tue', 'from': '15:00', 'to': '18:30'}, {'day': 'Wed', 'from': '08:00', 'to': '14:00'}, {'day': 'Wed', 'from': '16:00', 'to': '18:30'}, {'day': 'Thu', 'from': '09:00', 'to': '11:00'}, {'day': 'Thu', 'from': '15:00', 'to': '19:00'}, {'day': 'Fri', 'from': '14:30', 'to': '18:00'}]",9,5
Daniel Brandau und Britta Brandau,,"Sterkelshäuser Str. 3 , 36211 Alheim","[{'day': 'Mon', 'from': '09:00', 'to': '12:00'}, {'day': 'Mon', 'from': '16:00', 'to': '18:00'}, {'day': 'Tue', 'from': '09:00', 'to': '12:00'}, {'day': 'Tue', 'from': '16:00', 'to': '18:00'}, {'day': 'Wed', 'from': '09:00', 'to': '12:00'}, {'day': 'Wed', 'from': '16:00', 'to': '18:00'}, {'day': 'Thu', 'from': '09:00', 'to': '12:00'}, {'day': 'Thu', 'from': '16:00', 'to': '18:00'}, {'day': 'Fri', 'from': '09:30', 'to': '10:30'}]",9,5
Stefanie Behrens,,"Bahnhofstraße 27/28, 39179 Barleben","[{'day': 'Mon', 'from': '15:00', 'to': '18:00'}, {'day': 'Wed', 'from': '15:00', 'to': '18:00'}, {'day': 'Thu', 'from': '09:00', 'to': '12:00'}]",9,5
Britta Häsel,,"Kreuzweg 45, 35423 Lich","[{'day': 'Mon', 'from': '08:00', 'to': '11:30'}, {'day': 'Mon', 'from': '16:00', 'to': '18:30'}, {'day': 'Tue', 'from': '08:00', 'to': '11:30'}, {'day': 'Tue', 'from': '16:00', 'to': '18:30'}, {'day': 'Wed', 'from': '08:00', 'to': '11:30'}, {'day': 'Wed', 'from': '16:00', 'to': '18:30'}, {'day': 'Thu', 'from': '08:00', 'to': '11:30'}, {'day': 'Thu', 'from': '16:00', 'to': '18:30'}, {'day': 'Fri', 'from': '08:00', 'to': '11:30'}, {'day': 'Fri', 'from': '16:00', 'to': '18:30'}, {'day': 'Sat', 'from': '09:00', 'to': '11:30'}]",9,5
Dr. Martin Sager und Sandra Wingerning,Tierambulatorium in Düsseldorf,"Harffstr. 25, 40591 Düsseldorf","[{'day': 'Mon', 'from': '10:00', 'to': '12:00'}, {'day': 'Mon', 'from': '15:00', 'to': '17:00'}, {'day': 'Tue', 'from': '10:00', 'to': '12:00'}, {'day': 'Tue', 'from': '15:00', 'to': '17:00'}, {'day': 'Wed', 'from': '10:00', 'to': '12:00'}, {'day': 'Thu', 'from': '10:00', 'to': '12:00'}, {'day': 'Thu', 'from': '15:00', 'to': '17:00'}, {'day': 'Fri', 'from': '10:00', 'to': '12:00'}, {'day': 'Fri', 'from': '15:00', 'to': '17:00'}, {'day': 'Sat', 'from': '10:00', 'to': '12:00'}]",8,5
Dres. Demmler und Wehming,,"Wiener Str. 25, 10999 Berlin","[{'day': 'Mon', 'from': '10:00', 'to': '12:00'}, {'day': 'Mon', 'from': '16:00', 'to': '19:00'}, {'day': 'Tue', 'from': '10:00', 'to': '12:00'}, {'day': 'Tue', 'from': '16:00', 'to': '19:00'}, {'day': 'Wed', 'from': '10:00', 'to': '12:00'}, {'day': 'Wed', 'from': '16:00', 'to': '19:00'}, {'day': 'Thu', 'from': '10:00', 'to': '12:00'}, {'day': 'Thu', 'from': '16:00', 'to': '19:00'}, {'day': 'Fri', 'from': '10:00', 'to': '12:00'}, {'day': 'Fri', 'from': '16:00', 'to': '19:00'}, {'day': 'Sat', 'from': '10:00', 'to': '12:00'}, {'day': 'Sun', 'from': '10:00', 'to': '11:00'}]",8,5
Joachim Grusdt,,"Kieler Str. 85, 24119 Kronshagen","[{'day': 'Mon', 'from': '08:00', 'to': '12:00'}, {'day': 'Mon', 'from': '17:00', 'to': '18:30'}, {'day': 'Tue', 'from': '11:00', 'to': '12:00'}, {'day': 'Tue', 'from': '17:00', 'to': '18:30'}, {'day': 'Wed', 'from': '11:00', 'to': '12:00'}, {'day': 'Wed', 'from': '18:00', 'to': '19:00'}, {'day': 'Thu', 'from': '11:00', 'to': '12:00'}, {'day': 'Thu', 'from': '17:00', 'to': '18:30'}, {'day': 'Fri', 'from': '11:00', 'to': '12:00'}, {'day': 'Fri', 'from': '17:00', 'to': '18:30'}, {'day': 'Sat', 'from': '10:30', 'to': '12:00'}]",8,5
Dr. Nadine Schröder,,"Hellhörn 18, 25479 Ellerau","[{'day': 'Mon', 'from': '10:00', 'to': '12:00'}, {'day': 'Mon', 'from': '16:00', 'to': '18:00'}, {'day': 'Tue', 'from': '10:00', 'to': '12:00'}, {'day': 'Tue', 'from': '16:00', 'to': '18:00'}, {'day': 'Wed', 'from': '10:00', 'to': '12:00'}, {'day': 'Thu', 'from': '10:00', 'to': '12:00'}, {'day': 'Thu', 'from': '16:00', 'to': '18:00'}, {'day': 'Fri', 'from': '10:00', 'to': '12:00'}, {'day': 'Fri', 'from': '16:00', 'to': '18:00'}, {'day': 'Sat', 'from': '10:00', 'to': '12:00'}]",8,5
Dr. Katja Wiencierz,Tierarztpraxis Vier Seen,"Schweriner Straße 84b, 23909 Ratzeburg","[{'day': 'Mon', 'from': '10:00', 'to': '12:00'}, {'day': 'Mon', 'from': '15:00', 'to': '17:00'}, {'day': 'Tue', 'from': '10:00', 'to': '12:00'}, {'day': 'Tue', 'from': '15:00', 'to': '17:00'}, {'day': 'Wed', 'from': '10:00', 'to': '12:00'}, {'day': 'Thu', 'from': '10:00', 'to': '12:00'}, {'day': 'Thu', 'from': '15:00', 'to': '17:00'}, {'day': 'Fri', 'from': '10:00', 'to': '12:00'}, {'day': 'Fri', 'from': '15:00', 'to': '17:00'}, {'day': 'Sat', 'from': '10:00', 'to': '12:00'}]",8,5
Dr. Corinna Cornand,,"Heidberg 45, 22301 Hamburg","[{'day': 'Mon', 'from': '10:00', 'to': '18:00'}, {'day': 'Tue', 'from': '10:00', 'to': '12:00'}, {'day': 'Wed', 'from': '10:00', 'to': '18:00'}, {'day': 'Thu', 'from': '08:00', 'to': '16:00'}]",8,5
Dr. Ulrich Bemm,,"Krummenseer Straße 10, 12685 Berlin","[{'day': 'Mon', 'from': '10:00', 'to': '12:00'}, {'day': 'Mon', 'from': '16:00', 'to': '19:00'}, {'day': 'Tue', 'from': '10:00', 'to': '12:00'}, {'day': 'Tue', 'from': '16:00', 'to': '19:00'}, {'day': 'Wed', 'from': '10:00', 'to': '12:00'}, {'day': 'Wed', 'from': '16:00', 'to': '19:00'}, {'day': 'Thu', 'from': '10:00', 'to': '12:00'}, {'day': 'Thu', 'from': '16:00', 'to': '19:00'}]",8,5
Daniel Brandau und Britta Brandau,,"Sterkelshäuser Str. 3 , 36211 Alheim","[{'day': 'Mon', 'from': '09:00', 'to': '12:00'}, {'day': 'Mon', 'from': '16:00', 'to': '18:00'}, {'day': 'Tue', 'from': '09:00', 'to': '12:00'}, {'day': 'Tue', 'from': '16:00', 'to': '18:00'}, {'day': 'Wed', 'from': '09:00', 'to': '12:00'}, {'day': 'Wed', 'from': '16:00', 'to': '18:00'}, {'day': 'Thu', 'from': '09:00', 'to': '12:00'}, {'day': 'Thu', 'from': '16:00', 'to': '18:00'}, {'day': 'Fri', 'from': '09:30', 'to': '10:30'}]",9,5
Stefanie Behrens,,"Bahnhofstraße 27/28, 39179 Barleben","[{'day': 'Mon', 'from': '15:00', 'to': '18:00'}, {'day': 'Wed', 'from': '15:00', 'to': '18:00'}, {'day': 'Thu', 'from': '09:00', 'to': '12:00'}]",9,5
Britta Häsel,,"Kreuzweg 45, 35423 Lich","[{'day': 'Mon', 'from': '08:00', 'to': '11:30'}, {'day': 'Mon', 'from': '16:00', 'to': '18:30'}, {'day': 'Tue', 'from': '08:00', 'to': '11:30'}, {'day': 'Tue', 'from': '16:00', 'to': '18:30'}, {'day': 'Wed', 'from': '08:00', 'to': '11:30'}, {'day': 'Wed', 'from': '16:00', 'to': '18:30'}, {'day': 'Thu', 'from': '08:00', 'to': '11:30'}, {'day': 'Thu', 'from': '16:00', 'to': '18:30'}, {'day': 'Fri', 'from': '08:00', 'to': '11:30'}, {'day': 'Fri', 'from': '16:00', 'to': '18:30'}, {'day': 'Sat', 'from': '09:00', 'to': '11:30'}]",9,5
Dr. Martin Sager und Sandra Wingerning,Tierambulatorium in Düsseldorf,"Harffstr. 25, 40591 Düsseldorf","[{'day': 'Mon', 'from': '10:00', 'to': '12:00'}, {'day': 'Mon', 'from': '15:00', 'to': '17:00'}, {'day': 'Tue', 'from': '10:00', 'to': '12:00'}, {'day': 'Tue', 'from': '15:00', 'to': '17:00'}, {'day': 'Wed', 'from': '10:00', 'to': '12:00'}, {'day': 'Thu', 'from': '10:00', 'to': '12:00'}, {'day': 'Thu', 'from': '15:00', 'to': '17:00'}, {'day': 'Fri', 'from': '10:00', 'to': '12:00'}, {'day': 'Fri', 'from': '15:00', 'to': '17:00'}, {'day': 'Sat', 'from': '10:00', 'to': '12:00'}]",8,5
Dres. Demmler und Wehming,,"Wiener Str. 25, 10999 Berlin","[{'day': 'Mon', 'from': '10:00', 'to': '12:00'}, {'day': 'Mon', 'from': '16:00', 'to': '19:00'}, {'day': 'Tue', 'from': '10:00', 'to': '12:00'}, {'day': 'Tue', 'from': '16:00', 'to': '19:00'}, {'day': 'Wed', 'from': '10:00', 'to': '12:00'}, {'day': 'Wed', 'from': '16:00', 'to': '19:00'}, {'day': 'Thu', 'from': '10:00', 'to': '12:00'}, {'day': 'Thu', 'from': '16:00', 'to': '19:00'}, {'day': 'Fri', 'from': '10:00', 'to': '12:00'}, {'day': 'Fri', 'from': '16:00', 'to': '19:00'}, {'day': 'Sat', 'from': '10:00', 'to': '12:00'}, {'day': 'Sun', 'from': '10:00', 'to': '11:00'}]",8,5
Joachim Grusdt,,"Kieler Str. 85, 24119 Kronshagen","[{'day': 'Mon', 'from': '08:00', 'to': '12:00'}, {'day': 'Mon', 'from': '17:00', 'to': '18:30'}, {'day': 'Tue', 'from': '11:00', 'to': '12:00'}, {'day': 'Tue', 'from': '17:00', 'to': '18:30'}, {'day': 'Wed', 'from': '11:00', 'to': '12:00'}, {'day': 'Wed', 'from': '18:00', 'to': '19:00'}, {'day': 'Thu', 'from': '11:00', 'to': '12:00'}, {'day': 'Thu', 'from': '17:00', 'to': '18:30'}, {'day': 'Fri', 'from': '11:00', 'to': '12:00'}, {'day': 'Fri', 'from': '17:00', 'to': '18:30'}, {'day': 'Sat', 'from': '10:30', 'to': '12:00'}]",8,5
Dr. Nadine Schröder,,"Hellhörn 18, 25479 Ellerau","[{'day': 'Mon', 'from': '10:00', 'to': '12:00'}, {'day': 'Mon', 'from': '16:00', 'to': '18:00'}, {'day': 'Tue', 'from': '10:00', 'to': '12:00'}, {'day': 'Tue', 'from': '16:00', 'to': '18:00'}, {'day': 'Wed', 'from': '10:00', 'to': '12:00'}, {'day': 'Thu', 'from': '10:00', 'to': '12:00'}, {'day': 'Thu', 'from': '16:00', 'to': '18:00'}, {'day': 'Fri', 'from': '10:00', 'to': '12:00'}, {'day': 'Fri', 'from': '16:00', 'to': '18:00'}, {'day': 'Sat', 'from': '10:00', 'to': '12:00'}]",8,5
Dr. Katja Wiencierz,Tierarztpraxis Vier Seen,"Schweriner Straße 84b, 23909 Ratzeburg","[{'day': 'Mon', 'from': '10:00', 'to': '12:00'}, {'day': 'Mon', 'from': '15:00', 'to': '17:00'}, {'day': 'Tue', 'from': '10:00', 'to': '12:00'}, {'day': 'Tue', 'from': '15:00', 'to': '17:00'}, {'day': 'Wed', 'from': '10:00', 'to': '12:00'}, {'day': 'Thu', 'from': '10:00', 'to': '12:00'}, {'day': 'Thu', 'from': '15:00', 'to': '17:00'}, {'day': 'Fri', 'from': '10:00', 'to': '12:00'}, {'day': 'Fri', 'from': '15:00', 'to': '17:00'}, {'day': 'Sat', 'from': '10:00', 'to': '12:00'}]",8,5
Dr. Corinna Cornand,,"Heidberg 45, 22301 Hamburg","[{'day': 'Mon', 'from': '10:00', 'to': '18:00'}, {'day': 'Tue', 'from': '10:00', 'to': '12:00'}, {'day': 'Wed', 'from': '10:00', 'to': '18:00'}, {'day': 'Thu', 'from': '08:00', 'to': '16:00'}]",8,5
Dr. Ulrich Bemm,,"Krummenseer Straße 10, 12685 Berlin","[{'day': 'Mon', 'from': '10:00', 'to': '12:00'}, {'day': 'Mon', 'from': '16:00', 'to': '19:00'}, {'day': 'Tue', 'from': '10:00', 'to': '12:00'}, {'day': 'Tue', 'from': '16:00', 'to': '19:00'}, {'day': 'Wed', 'from': '10:00', 'to': '12:00'}, {'day': 'Wed', 'from': '16:00', 'to': '19:00'}, {'day': 'Thu', 'from': '10:00', 'to': '12:00'}, {'day': 'Thu', 'from': '16:00', 'to': '19:00'}]",8,5
Dr. Hartmut Metzlaff und Anke Adami-Metzlaff,,"Altendorfer Str. 390-392, 45143 Essen","[{'day': 'Mon', 'from': '09:00', 'to': '11:00'}, {'day': 'Mon', 'from': '16:00', 'to': '19:00'}, {'day': 'Tue', 'from': '09:00', 'to': '11:00'}, {'day': 'Tue', 'from': '16:00', 'to': '19:00'}, {'day': 'Wed', 'from': '16:00', 'to': '19:00'}, {'day': 'Thu', 'from': '09:00', 'to': '11:00'}, {'day': 'Thu', 'from': '16:00', 'to': '19:00'}, {'day': 'Fri', 'from': '09:00', 'to': '11:00'}, {'day': 'Fri', 'from': '16:00', 'to': '19:00'}, {'day': 'Sat', 'from': '10:00', 'to': '11:00'}]",8,5
Remon Gehrke,,"Varrelmannstr. 2, 30453 Hannover",[],8,5
Dr. Elke Killing,,"Gartenweg 27, 59174 Kamen","[{'day': 'Mon', 'from': '10:00', 'to': '11:00'}, {'day': 'Mon', 'from': '17:00', 'to': '19:00'}, {'day': 'Tue', 'from': '17:00', 'to': '19:00'}, {'day': 'Wed', 'from': '10:00', 'to': '11:00'}, {'day': 'Thu', 'from': '17:00', 'to': '19:00'}, {'day': 'Fri', 'from': '10:00', 'to': '11:00'}, {'day': 'Fri', 'from': '17:00', 'to': '19:00'}, {'day': 'Sat', 'from': '12:00', 'to': '12:30'}]",8,5
Uta Döpke,,"Am Alten Freyhof 20, 30900 Wedemark",[],8,5
Lutz Borghardt,Tierarztpraxis Niefern,"Hebelstr. 10, 75223 Niefern-Öschelbronn","[{'day': 'Mon', 'from': '09:00', 'to': '13:00'}, {'day': 'Mon', 'from': '14:30', 'to': '18:00'}, {'day': 'Tue', 'from': '09:00', 'to': '13:00'}, {'day': 'Tue', 'from': '14:30', 'to': '18:00'}, {'day': 'Wed', 'from': '09:00', 'to': '13:00'}, {'day': 'Wed', 'from': '14:30', 'to': '18:00'}, {'day': 'Thu', 'from': '09:00', 'to': '13:00'}, {'day': 'Thu', 'from': '09:00', 'to': '13:00'}, {'day': 'Fri', 'from': '09:00', 'to': '13:00'}, {'day': 'Fri', 'from': '14:30', 'to': '18:00'}, {'day': 'Sat', 'from': '09:00', 'to': '12:00'}]",8,5
Dr. Gerd Wilmering,Kleintierpraxis Dr. Wilmering,"Kaarster Str. 194, 41462 Neuss","[{'day': 'Mon', 'from': '07:30', 'to': '20:00'}, {'day': 'Tue', 'from': '07:30', 'to': '20:00'}, {'day': 'Wed', 'from': '07:30', 'to': '20:00'}, {'day': 'Thu', 'from': '07:30', 'to': '20:00'}, {'day': 'Fri', 'from': '07:30', 'to': '20:00'}, {'day': 'Sat', 'from': '09:00', 'to': '12:00'}, {'day': 'Sun', 'from': '10:30', 'to': '11:30'}]",8,5
Brigitte Stüwe,,"Alte Bergstraße 18, 45549 Sprockhövel","[{'day': 'Mon', 'from': '10:00', 'to': '12:00'}, {'day': 'Mon', 'from': '16:00', 'to': '20:00'}, {'day': 'Tue', 'from': '10:00', 'to': '12:00'}, {'day': 'Tue', 'from': '16:00', 'to': '18:00'}, {'day': 'Wed', 'from': '10:00', 'to': '12:00'}, {'day': 'Wed', 'from': '16:00', 'to': '18:00'}, {'day': 'Thu', 'from': '10:00', 'to': '12:00'}, {'day': 'Thu', 'from': '16:00', 'to': '18:00'}]",8,5
Sabine Dubielzig,Kleintierpraxis in Fritzlar,"Wehrenpfad 3, 34560 Fritzlar","[{'day': 'Mon', 'from': '08:00', 'to': '12:00'}, {'day': 'Mon', 'from': '15:00', 'to': '19:00'}, {'day': 'Tue', 'from': '08:00', 'to': '12:00'}, {'day': 'Tue', 'from': '15:00', 'to': '19:00'}, {'day': 'Wed', 'from': '08:00', 'to': '12:00'}, {'day': 'Wed', 'from': '15:00', 'to': '19:00'}, {'day': 'Thu', 'from': '08:00', 'to': '12:00'}, {'day': 'Thu', 'from': '15:00', 'to': '19:00'}, {'day': 'Fri', 'from': '08:00', 'to': '12:00'}, {'day': 'Fri', 'from': '15:00', 'to': '19:00'}, {'day': 'Sat', 'from': '10:00', 'to': '12:00'}]",8,5
Dr. Annette Gaer-Mainzer,,"Tannenbergstraße 1, 46045 Oberhausen","[{'day': 'Mon', 'from': '09:00', 'to': '12:00'}, {'day': 'Mon', 'from': '14:30', 'to': '17:30'}, {'day': 'Tue', 'from': '09:00', 'to': '12:00'}, {'day': 'Tue', 'from': '14:30', 'to': '17:30'}, {'day': 'Wed', 'from': '10:00', 'to': '12:00'}, {'day': 'Thu', 'from': '09:00', 'to': '12:00'}, {'day': 'Thu', 'from': '14:30', 'to': '17:30'}, {'day': 'Fri', 'from': '09:00', 'to': '12:00'}, {'day': 'Fri', 'from': '14:30', 'to': '17:30'}]",8,5
Dr. Thomas Raabe,,"Meißner Str. 96, 01445 Radebeul","[{'day': 'Mon', 'from': '10:00', 'to': '12:00'}, {'day': 'Mon', 'from': '16:00', 'to': '19:00'}, {'day': 'Tue', 'from': '10:00', 'to': '12:00'}, {'day': 'Tue', 'from': '16:00', 'to': '19:00'}, {'day': 'Wed', 'from': '10:00', 'to': '12:00'}, {'day': 'Wed', 'from': '16:00', 'to': '19:00'}, {'day': 'Thu', 'from': '10:00', 'to': '12:00'}, {'day': 'Thu', 'from': '16:00', 'to': '19:00'}, {'day': 'Fri', 'from': '09:00', 'to': '11:00'}]",8,5
Dr. Hartmut Metzlaff und Anke Adami-Metzlaff,,"Altendorfer Str. 390-392, 45143 Essen","[{'day': 'Mon', 'from': '09:00', 'to': '11:00'}, {'day': 'Mon', 'from': '16:00', 'to': '19:00'}, {'day': 'Tue', 'from': '09:00', 'to': '11:00'}, {'day': 'Tue', 'from': '16:00', 'to': '19:00'}, {'day': 'Wed', 'from': '16:00', 'to': '19:00'}, {'day': 'Thu', 'from': '09:00', 'to': '11:00'}, {'day': 'Thu', 'from': '16:00', 'to': '19:00'}, {'day': 'Fri', 'from': '09:00', 'to': '11:00'}, {'day': 'Fri', 'from': '16:00', 'to': '19:00'}, {'day': 'Sat', 'from': '10:00', 'to': '11:00'}]",8,5
Remon Gehrke,,"Varrelmannstr. 2, 30453 Hannover",[],8,5
Dr. Elke Killing,,"Gartenweg 27, 59174 Kamen","[{'day': 'Mon', 'from': '10:00', 'to': '11:00'}, {'day': 'Mon', 'from': '17:00', 'to': '19:00'}, {'day': 'Tue', 'from': '17:00', 'to': '19:00'}, {'day': 'Wed', 'from': '10:00', 'to': '11:00'}, {'day': 'Thu', 'from': '17:00', 'to': '19:00'}, {'day': 'Fri', 'from': '10:00', 'to': '11:00'}, {'day': 'Fri', 'from': '17:00', 'to': '19:00'}, {'day': 'Sat', 'from': '12:00', 'to': '12:30'}]",8,5
Uta Döpke,,"Am Alten Freyhof 20, 30900 Wedemark",[],8,5
Lutz Borghardt,Tierarztpraxis Niefern,"Hebelstr. 10, 75223 Niefern-Öschelbronn","[{'day': 'Mon', 'from': '09:00', 'to': '13:00'}, {'day': 'Mon', 'from': '14:30', 'to': '18:00'}, {'day': 'Tue', 'from': '09:00', 'to': '13:00'}, {'day': 'Tue', 'from': '14:30', 'to': '18:00'}, {'day': 'Wed', 'from': '09:00', 'to': '13:00'}, {'day': 'Wed', 'from': '14:30', 'to': '18:00'}, {'day': 'Thu', 'from': '09:00', 'to': '13:00'}, {'day': 'Thu', 'from': '09:00', 'to': '13:00'}, {'day': 'Fri', 'from': '09:00', 'to': '13:00'}, {'day': 'Fri', 'from': '14:30', 'to': '18:00'}, {'day': 'Sat', 'from': '09:00', 'to': '12:00'}]",8,5
Dr. Gerd Wilmering,Kleintierpraxis Dr. Wilmering,"Kaarster Str. 194, 41462 Neuss","[{'day': 'Mon', 'from': '07:30', 'to': '20:00'}, {'day': 'Tue', 'from': '07:30', 'to': '20:00'}, {'day': 'Wed', 'from': '07:30', 'to': '20:00'}, {'day': 'Thu', 'from': '07:30', 'to': '20:00'}, {'day': 'Fri', 'from': '07:30', 'to': '20:00'}, {'day': 'Sat', 'from': '09:00', 'to': '12:00'}, {'day': 'Sun', 'from': '10:30', 'to': '11:30'}]",8,5
Brigitte Stüwe,,"Alte Bergstraße 18, 45549 Sprockhövel","[{'day': 'Mon', 'from': '10:00', 'to': '12:00'}, {'day': 'Mon', 'from': '16:00', 'to': '20:00'}, {'day': 'Tue', 'from': '10:00', 'to': '12:00'}, {'day': 'Tue', 'from': '16:00', 'to': '18:00'}, {'day': 'Wed', 'from': '10:00', 'to': '12:00'}, {'day': 'Wed', 'from': '16:00', 'to': '18:00'}, {'day': 'Thu', 'from': '10:00', 'to': '12:00'}, {'day': 'Thu', 'from': '16:00', 'to': '18:00'}]",8,5
Sabine Dubielzig,Kleintierpraxis in Fritzlar,"Wehrenpfad 3, 34560 Fritzlar","[{'day': 'Mon', 'from': '08:00', 'to': '12:00'}, {'day': 'Mon', 'from': '15:00', 'to': '19:00'}, {'day': 'Tue', 'from': '08:00', 'to': '12:00'}, {'day': 'Tue', 'from': '15:00', 'to': '19:00'}, {'day': 'Wed', 'from': '08:00', 'to': '12:00'}, {'day': 'Wed', 'from': '15:00', 'to': '19:00'}, {'day': 'Thu', 'from': '08:00', 'to': '12:00'}, {'day': 'Thu', 'from': '15:00', 'to': '19:00'}, {'day': 'Fri', 'from': '08:00', 'to': '12:00'}, {'day': 'Fri', 'from': '15:00', 'to': '19:00'}, {'day': 'Sat', 'from': '10:00', 'to': '12:00'}]",8,5
Dr. Annette Gaer-Mainzer,,"Tannenbergstraße 1, 46045 Oberhausen","[{'day': 'Mon', 'from': '09:00', 'to': '12:00'}, {'day': 'Mon', 'from': '14:30', 'to': '17:30'}, {'day': 'Tue', 'from': '09:00', 'to': '12:00'}, {'day': 'Tue', 'from': '14:30', 'to': '17:30'}, {'day': 'Wed', 'from': '10:00', 'to': '12:00'}, {'day': 'Thu', 'from': '09:00', 'to': '12:00'}, {'day': 'Thu', 'from': '14:30', 'to': '17:30'}, {'day': 'Fri', 'from': '09:00', 'to': '12:00'}, {'day': 'Fri', 'from': '14:30', 'to': '17:30'}]",8,5
Dr. Thomas Raabe,,"Meißner Str. 96, 01445 Radebeul","[{'day': 'Mon', 'from': '10:00', 'to': '12:00'}, {'day': 'Mon', 'from': '16:00', 'to': '19:00'}, {'day': 'Tue', 'from': '10:00', 'to': '12:00'}, {'day': 'Tue', 'from': '16:00', 'to': '19:00'}, {'day': 'Wed', 'from': '10:00', 'to': '12:00'}, {'day': 'Wed', 'from': '16:00', 'to': '19:00'}, {'day': 'Thu', 'from': '10:00', 'to': '12:00'}, {'day': 'Thu', 'from': '16:00', 'to': '19:00'}, {'day': 'Fri', 'from': '09:00', 'to': '11:00'}]",8,5
Manfred Seeliger,,"Kantstr. 47, 04275 Leipzig","[{'day': 'Mon', 'from': '09:00', 'to': '12:00'}, {'day': 'Mon', 'from': '15:30', 'to': '18:30'}, {'day': 'Tue', 'from': '09:00', 'to': '11:00'}, {'day': 'Wed', 'from': '09:00', 'to': '12:00'}, {'day': 'Wed', 'from': '15:30', 'to': '18:30'}, {'day': 'Thu', 'from': '09:00', 'to': '12:00'}, {'day': 'Thu', 'from': '15:30', 'to': '18:30'}]",8,5
Christian Schwering,,"Gewerbering 12, 34560 Fritzlar","[{'day': 'Mon', 'from': '08:00', 'to': '12:00'}, {'day': 'Mon', 'from': '15:00', 'to': '18:30'}, {'day': 'Tue', 'from': '08:00', 'to': '12:00'}, {'day': 'Tue', 'from': '15:00', 'to': '18:30'}, {'day': 'Wed', 'from': '08:00', 'to': '12:00'}, {'day': 'Wed', 'from': '15:00', 'to': '18:30'}, {'day': 'Thu', 'from': '08:00', 'to': '12:00'}, {'day': 'Fri', 'from': '08:00', 'to': '12:00'}, {'day': 'Fri', 'from': '15:00', 'to': '18:30'}, {'day': 'Sat', 'from': '10:00', 'to': '12:00'}]",8,5
Dr. Bettina Bachem-Drießen,,"Donnerberg 22, 45357 Essen","[{'day': 'Mon', 'from': '09:00', 'to': '11:00'}, {'day': 'Tue', 'from': '13:00', 'to': '14:00'}, {'day': 'Wed', 'from': '09:00', 'to': '11:00'}, {'day': 'Thu', 'from': '13:00', 'to': '14:00'}, {'day': 'Fri', 'from': '09:00', 'to': '11:00'}, {'day': 'Sat', 'from': '09:00', 'to': '11:00'}]",8,5
Dr. Stephan Henkel und Dr. Fenja Matzen,,"Ringstr. 33, 85764 Oberschleißheim",[],8,5
Holger und Bettina Gesing,,"Wallücker Weg 2, 32549 Bad Oeynhausen","[{'day': 'Mon', 'from': '13:30', 'to': '14:30'}, {'day': 'Mon', 'from': '17:00', 'to': '19:00'}, {'day': 'Wed', 'from': '13:30', 'to': '14:30'}, {'day': 'Wed', 'from': '17:00', 'to': '19:00'}]",8,5
Dr. Romina Turco und Dr. Tarek El-Kashef,,"Saseler Chaussee 35, 22391 Hamburg","[{'day': 'Mon', 'from': '08:30', 'to': '13:30'}, {'day': 'Mon', 'from': '15:00', 'to': '19:00'}, {'day': 'Tue', 'from': '08:30', 'to': '13:30'}, {'day': 'Tue', 'from': '15:00', 'to': '19:00'}, {'day': 'Wed', 'from': '08:30', 'to': '13:30'}, {'day': 'Wed', 'from': '15:00', 'to': '22:00'}, {'day': 'Thu', 'from': '08:30', 'to': '13:30'}, {'day': 'Thu', 'from': '15:00', 'to': '19:00'}, {'day': 'Fri', 'from': '08:30', 'to': '13:30'}, {'day': 'Fri', 'from': '15:00', 'to': '19:00'}]",8,5
Guido Johannes Schmuck,,"Königsberger Str. 16, 36039 Fulda","[{'day': 'Mon', 'from': '08:00', 'to': '09:00'}, {'day': 'Mon', 'from': '16:00', 'to': '18:00'}, {'day': 'Tue', 'from': '08:00', 'to': '09:00'}, {'day': 'Tue', 'from': '16:00', 'to': '18:00'}, {'day': 'Wed', 'from': '08:00', 'to': '09:00'}, {'day': 'Wed', 'from': '16:00', 'to': '18:00'}, {'day': 'Thu', 'from': '08:00', 'to': '09:00'}, {'day': 'Thu', 'from': '16:00', 'to': '18:00'}, {'day': 'Fri', 'from': '10:00', 'to': '12:00'}, {'day': 'Sat', 'from': '08:00', 'to': '09:00'}]",8,5
Tobias Krause,,"Sedanstr. 23, 12167 Berlin","[{'day': 'Mon', 'from': '09:30', 'to': '12:00'}, {'day': 'Mon', 'from': '16:30', 'to': '19:00'}, {'day': 'Tue', 'from': '09:30', 'to': '12:00'}, {'day': 'Tue', 'from': '16:30', 'to': '19:00'}, {'day': 'Wed', 'from': '09:30', 'to': '12:00'}, {'day': 'Wed', 'from': '16:30', 'to': '19:00'}, {'day': 'Thu', 'from': '09:30', 'to': '12:00'}, {'day': 'Thu', 'from': '16:30', 'to': '19:00'}, {'day': 'Fri', 'from': '10:00', 'to': '12:00'}]",8,5
Dr. Ricarda Häuser,,"Schürmannstr. 25a, 45136 Essen","[{'day': 'Mon', 'from': '09:00', 'to': '12:00'}, {'day': 'Mon', 'from': '15:00', 'to': '19:00'}, {'day': 'Tue', 'from': '09:00', 'to': '12:00'}, {'day': 'Tue', 'from': '15:00', 'to': '19:00'}, {'day': 'Wed', 'from': '09:00', 'to': '16:00'}, {'day': 'Thu', 'from': '09:00', 'to': '12:00'}, {'day': 'Thu', 'from': '15:00', 'to': '19:00'}, {'day': 'Fri', 'from': '10:00', 'to': '12:00'}, {'day': 'Fri', 'from': '15:00', 'to': '19:00'}, {'day': 'Sat', 'from': '10:00', 'to': '12:00'}]",8,5
Dr. Klaus Sommer,,"Heiglhofstr. 1a, 81377 München","[{'day': 'Mon', 'from': '08:00', 'to': '18:30'}, {'day': 'Tue', 'from': '08:00', 'to': '19:30'}, {'day': 'Wed', 'from': '08:00', 'to': '18:30'}, {'day': 'Thu', 'from': '08:00', 'to': '18:30'}, {'day': 'Fri', 'from': '08:00', 'to': '18:30'}, {'day': 'Sat', 'from': '09:00', 'to': '12:00'}]",8,5
Manfred Seeliger,,"Kantstr. 47, 04275 Leipzig","[{'day': 'Mon', 'from': '09:00', 'to': '12:00'}, {'day': 'Mon', 'from': '15:30', 'to': '18:30'}, {'day': 'Tue', 'from': '09:00', 'to': '11:00'}, {'day': 'Wed', 'from': '09:00', 'to': '12:00'}, {'day': 'Wed', 'from': '15:30', 'to': '18:30'}, {'day': 'Thu', 'from': '09:00', 'to': '12:00'}, {'day': 'Thu', 'from': '15:30', 'to': '18:30'}]",8,5
Christian Schwering,,"Gewerbering 12, 34560 Fritzlar","[{'day': 'Mon', 'from': '08:00', 'to': '12:00'}, {'day': 'Mon', 'from': '15:00', 'to': '18:30'}, {'day': 'Tue', 'from': '08:00', 'to': '12:00'}, {'day': 'Tue', 'from': '15:00', 'to': '18:30'}, {'day': 'Wed', 'from': '08:00', 'to': '12:00'}, {'day': 'Wed', 'from': '15:00', 'to': '18:30'}, {'day': 'Thu', 'from': '08:00', 'to': '12:00'}, {'day': 'Fri', 'from': '08:00', 'to': '12:00'}, {'day': 'Fri', 'from': '15:00', 'to': '18:30'}, {'day': 'Sat', 'from': '10:00', 'to': '12:00'}]",8,5
Dr. Bettina Bachem-Drießen,,"Donnerberg 22, 45357 Essen","[{'day': 'Mon', 'from': '09:00', 'to': '11:00'}, {'day': 'Tue', 'from': '13:00', 'to': '14:00'}, {'day': 'Wed', 'from': '09:00', 'to': '11:00'}, {'day': 'Thu', 'from': '13:00', 'to': '14:00'}, {'day': 'Fri', 'from': '09:00', 'to': '11:00'}, {'day': 'Sat', 'from': '09:00', 'to': '11:00'}]",8,5
Dr. Stephan Henkel und Dr. Fenja Matzen,,"Ringstr. 33, 85764 Oberschleißheim",[],8,5
Holger und Bettina Gesing,,"Wallücker Weg 2, 32549 Bad Oeynhausen","[{'day': 'Mon', 'from': '13:30', 'to': '14:30'}, {'day': 'Mon', 'from': '17:00', 'to': '19:00'}, {'day': 'Wed', 'from': '13:30', 'to': '14:30'}, {'day': 'Wed', 'from': '17:00', 'to': '19:00'}]",8,5
Dr. Romina Turco und Dr. Tarek El-Kashef,,"Saseler Chaussee 35, 22391 Hamburg","[{'day': 'Mon', 'from': '08:30', 'to': '13:30'}, {'day': 'Mon', 'from': '15:00', 'to': '19:00'}, {'day': 'Tue', 'from': '08:30', 'to': '13:30'}, {'day': 'Tue', 'from': '15:00', 'to': '19:00'}, {'day': 'Wed', 'from': '08:30', 'to': '13:30'}, {'day': 'Wed', 'from': '15:00', 'to': '22:00'}, {'day': 'Thu', 'from': '08:30', 'to': '13:30'}, {'day': 'Thu', 'from': '15:00', 'to': '19:00'}, {'day': 'Fri', 'from': '08:30', 'to': '13:30'}, {'day': 'Fri', 'from': '15:00', 'to': '19:00'}]",8,5
Guido Johannes Schmuck,,"Königsberger Str. 16, 36039 Fulda","[{'day': 'Mon', 'from': '08:00', 'to': '09:00'}, {'day': 'Mon', 'from': '16:00', 'to': '18:00'}, {'day': 'Tue', 'from': '08:00', 'to': '09:00'}, {'day': 'Tue', 'from': '16:00', 'to': '18:00'}, {'day': 'Wed', 'from': '08:00', 'to': '09:00'}, {'day': 'Wed', 'from': '16:00', 'to': '18:00'}, {'day': 'Thu', 'from': '08:00', 'to': '09:00'}, {'day': 'Thu', 'from': '16:00', 'to': '18:00'}, {'day': 'Fri', 'from': '10:00', 'to': '12:00'}, {'day': 'Sat', 'from': '08:00', 'to': '09:00'}]",8,5
Tobias Krause,,"Sedanstr. 23, 12167 Berlin","[{'day': 'Mon', 'from': '09:30', 'to': '12:00'}, {'day': 'Mon', 'from': '16:30', 'to': '19:00'}, {'day': 'Tue', 'from': '09:30', 'to': '12:00'}, {'day': 'Tue', 'from': '16:30', 'to': '19:00'}, {'day': 'Wed', 'from': '09:30', 'to': '12:00'}, {'day': 'Wed', 'from': '16:30', 'to': '19:00'}, {'day': 'Thu', 'from': '09:30', 'to': '12:00'}, {'day': 'Thu', 'from': '16:30', 'to': '19:00'}, {'day': 'Fri', 'from': '10:00', 'to': '12:00'}]",8,5
Dr. Ricarda Häuser,,"Schürmannstr. 25a, 45136 Essen","[{'day': 'Mon', 'from': '09:00', 'to': '12:00'}, {'day': 'Mon', 'from': '15:00', 'to': '19:00'}, {'day': 'Tue', 'from': '09:00', 'to': '12:00'}, {'day': 'Tue', 'from': '15:00', 'to': '19:00'}, {'day': 'Wed', 'from': '09:00', 'to': '16:00'}, {'day': 'Thu', 'from': '09:00', 'to': '12:00'}, {'day': 'Thu', 'from': '15:00', 'to': '19:00'}, {'day': 'Fri', 'from': '10:00', 'to': '12:00'}, {'day': 'Fri', 'from': '15:00', 'to': '19:00'}, {'day': 'Sat', 'from': '10:00', 'to': '12:00'}]",8,5
Dr. Klaus Sommer,,"Heiglhofstr. 1a, 81377 München","[{'day': 'Mon', 'from': '08:00', 'to': '18:30'}, {'day': 'Tue', 'from': '08:00', 'to': '19:30'}, {'day': 'Wed', 'from': '08:00', 'to': '18:30'}, {'day': 'Thu', 'from': '08:00', 'to': '18:30'}, {'day': 'Fri', 'from': '08:00', 'to': '18:30'}, {'day': 'Sat', 'from': '09:00', 'to': '12:00'}]",8,5
Silke Knopf,,"Damaschkeweg 5, 39387 Oschersleben (Bode)","[{'day': 'Mon', 'from': '08:00', 'to': '12:00'}, {'day': 'Mon', 'from': '15:00', 'to': '18:00'}, {'day': 'Tue', 'from': '08:00', 'to': '12:00'}, {'day': 'Tue', 'from': '15:00', 'to': '18:00'}, {'day': 'Wed', 'from': '08:00', 'to': '12:00'}, {'day': 'Thu', 'from': '08:00', 'to': '12:00'}, {'day': 'Thu', 'from': '15:00', 'to': '18:00'}, {'day': 'Fri', 'from': '08:00', 'to': '12:00'}, {'day': 'Fri', 'from': '15:00', 'to': '18:00'}]",8,5
Sybille Schickert,,"Eichborndamm 267 a, 13435 Berlin","[{'day': 'Mon', 'from': '10:00', 'to': '12:30'}, {'day': 'Mon', 'from': '15:00', 'to': '18:00'}, {'day': 'Tue', 'from': '10:00', 'to': '12:30'}, {'day': 'Tue', 'from': '15:00', 'to': '18:00'}, {'day': 'Thu', 'from': '10:00', 'to': '12:30'}, {'day': 'Thu', 'from': '15:00', 'to': '18:00'}, {'day': 'Fri', 'from': '10:00', 'to': '15:00'}, {'day': 'Sat', 'from': '10:00', 'to': '13:00'}]",8,5
Uwe Rieger,,"Alte Dorfstr. 22, 04178 Leipzig","[{'day': 'Mon', 'from': '09:00', 'to': '10:00'}, {'day': 'Mon', 'from': '16:00', 'to': '19:30'}, {'day': 'Tue', 'from': '09:00', 'to': '10:00'}, {'day': 'Tue', 'from': '16:00', 'to': '19:30'}, {'day': 'Wed', 'from': '09:00', 'to': '10:00'}, {'day': 'Wed', 'from': '16:00', 'to': '19:30'}, {'day': 'Thu', 'from': '09:00', 'to': '10:00'}, {'day': 'Thu', 'from': '16:00', 'to': '19:30'}, {'day': 'Fri', 'from': '13:30', 'to': '15:00'}]",7,5
Dr. Stefan Hofmann,Tierarztpraxis Fidelios,"Gräulinger Str. 80, 40625 Düsseldorf","[{'day': 'Mon', 'from': '07:30', 'to': '19:30'}, {'day': 'Tue', 'from': '07:30', 'to': '19:30'}, {'day': 'Wed', 'from': '07:30', 'to': '19:30'}, {'day': 'Thu', 'from': '07:30', 'to': '19:30'}, {'day': 'Fri', 'from': '07:30', 'to': '19:30'}, {'day': 'Sat', 'from': '09:00', 'to': '13:00'}]",7,5
Dr. Angelika Hoffmann und Dr. med. vet. Julia Hoffmann ,Kleintierpraxis Delmenhorst,"Bismarckstr. 45, 27749 Delmenhorst","[{'day': 'Mon', 'from': '08:00', 'to': '20:00'}, {'day': 'Tue', 'from': '08:00', 'to': '20:00'}, {'day': 'Wed', 'from': '08:00', 'to': '20:00'}, {'day': 'Thu', 'from': '08:00', 'to': '20:00'}, {'day': 'Fri', 'from': '08:00', 'to': '20:00'}, {'day': 'Sat', 'from': '09:00', 'to': '13:00'}]",7,5
Dr. Alexander Flöck,Tierarztpraxis für Klein- und Heimtiere in Trier,"Herzogenbuscher Straße 3, 54292 Trier","[{'day': 'Mon', 'from': '09:00', 'to': '12:30'}, {'day': 'Mon', 'from': '14:00', 'to': '17:00'}, {'day': 'Tue', 'from': '09:00', 'to': '12:30'}, {'day': 'Tue', 'from': '14:00', 'to': '17:00'}, {'day': 'Wed', 'from': '09:00', 'to': '12:30'}, {'day': 'Wed', 'from': '14:00', 'to': '17:00'}, {'day': 'Thu', 'from': '09:00', 'to': '12:30'}, {'day': 'Thu', 'from': '14:00', 'to': '17:00'}, {'day': 'Fri', 'from': '09:00', 'to': '12:30'}, {'day': 'Fri', 'from': '14:00', 'to': '17:00'}]",7,5
Tiergesundheitszentrum Dr. Günther Schierz und Dr. Lisa-Marie Bildheim,Tiergesundheitszentrum - Fachtierarztpraxis für Kleintiere Augenheilkunde,"Künkelstraße 125, 41063 Mönchengladbach","[{'day': 'Mon', 'from': '09:00', 'to': '12:00'}, {'day': 'Mon', 'from': '15:30', 'to': '19:00'}, {'day': 'Tue', 'from': '09:00', 'to': '12:00'}, {'day': 'Tue', 'from': '15:30', 'to': '19:00'}, {'day': 'Wed', 'from': '09:00', 'to': '12:00'}, {'day': 'Wed', 'from': '15:30', 'to': '19:00'}, {'day': 'Thu', 'from': '09:00', 'to': '12:00'}, {'day': 'Thu', 'from': '15:30', 'to': '19:00'}, {'day': 'Fri', 'from': '09:00', 'to': '12:00'}, {'day': 'Fri', 'from': '15:30', 'to': '19:00'}, {'day': 'Sat', 'from': '10:00', 'to': '12:00'}]",7,5
Fachpraxis für Klein und Großtiere Dr. Bernd Düring und Dr. Frank Düring,,"Alte Hauptstr. 15, 01833 Stolpen","[{'day': 'Mon', 'from': '09:00', 'to': '12:00'}, {'day': 'Mon', 'from': '16:00', 'to': '19:00'}, {'day': 'Tue', 'from': '09:00', 'to': '12:00'}, {'day': 'Tue', 'from': '16:00', 'to': '19:00'}, {'day': 'Wed', 'from': '09:00', 'to': '12:00'}, {'day': 'Wed', 'from': '16:00', 'to': '19:00'}, {'day': 'Thu', 'from': '09:00', 'to': '12:00'}, {'day': 'Thu', 'from': '16:00', 'to': '19:00'}, {'day': 'Fri', 'from': '09:00', 'to': '12:00'}, {'day': 'Fri', 'from': '16:00', 'to': '19:00'}, {'day': 'Sat', 'from': '09:00', 'to': '12:00'}]",7,5
Dr. Vanessa Löbert,,"Otto-Hahn-Str. 9, 37574 Einbeck",[],7,5
Dr. Horst Watzke,Tierarztpraxis am Wildrosengehölz,"Hönower Str. 263, 12623 Berlin",[],7,5
